{
	"folder": "project",
	"filename": "test3.json",
	"path": "project\\test3.json",
	"objects": [
		{
			"name": "Car1",
			"centroid": {
				"x": 66.99331154,
				"y": -19.81597849,
				"z": 0.94405306
			},
			"dimensions": {
				"length": 5.31,
				"width": 2.21265823,
				"height": 1.86205887
			},
			"rotations": {
				"x": 0,
				"y": 0,
				"z": 300
			}
		},
		{
			"name": "car2",
			"centroid": {
				"x": 68.91104711,
				"y": -18.74634104,
				"z": 1.09683479
			},
			"dimensions": {
				"length": 4.86,
				"width": 1.52865574,
				"height": 2.04245902
			},
			"rotations": {
				"x": 0,
				"y": 0,
				"z": 301
			}
		},
		{
			"name": "car3",
			"centroid": {
				"x": 71.21536721,
				"y": -17.22558556,
				"z": 0.80203971
			},
			"dimensions": {
				"length": 4.44,
				"width": 2.442,
				"height": 1.33784211
			},
			"rotations": {
				"x": 0,
				"y": 0,
				"z": 299
			}
		}
	]
}